Date,Open Interest,Producer/Merchant/Processor/User Longs,Producer/Merchant/Processor/User Shorts,Swap Dealer Longs,Swap Dealer Shorts,Swap Dealer Spreads,Money Manager Longs,Money Manager Shorts,Money Manager Spreads,Other Reportable Longs,Other Reportable Shorts,Other Reportable Spreads,Total Reportable Longs,Total Reportable Shorts,Non Reportable Longs,Non Reportable Shorts
2012-01-31,684586.0,125366.0,267233.0,133131.0,9346.0,38124.0,88831.0,48213.0,81140.0,29717.0,13783.0,140944.0,637253.0,598783.0,47333.0,85803.0
2012-02-07,710111.0,122318.0,290439.0,132241.0,11362.0,38542.0,103312.0,40456.0,81186.0,32013.0,14123.0,147573.0,657185.0,623680.0,52927.0,86431.0
2012-02-14,756274.0,124986.0,307457.0,132650.0,12895.0,43972.0,113051.0,32009.0,96457.0,33396.0,14260.0,156059.0,700570.0,663109.0,55704.0,93165.0
2012-02-21,763912.0,120989.0,316013.0,129546.0,12487.0,45869.0,125310.0,28339.0,92166.0,32580.0,14106.0,161873.0,708332.0,670854.0,55579.0,93058.0
2012-02-28,737025.0,106948.0,327928.0,133193.0,13415.0,39428.0,141781.0,24103.0,84159.0,32555.0,14430.0,143152.0,681216.0,646616.0,55810.0,90409.0
2012-03-06,789533.0,108816.0,363441.0,133583.0,12975.0,43108.0,171396.0,15030.0,86829.0,33645.0,18531.0,153941.0,731319.0,693855.0,58214.0,95678.0
2012-03-13,846793.0,122829.0,393602.0,133605.0,15462.0,42300.0,189452.0,13361.0,89965.0,31567.0,19405.0,176294.0,786012.0,750389.0,60781.0,96404.0
2012-03-20,904276.0,136465.0,429176.0,134767.0,16247.0,42609.0,213407.0,12193.0,93244.0,32457.0,22243.0,186791.0,839740.0,802503.0,64536.0,101773.0
2012-03-27,939213.0,152373.0,456707.0,134361.0,16973.0,44035.0,216903.0,6901.0,104038.0,34810.0,21185.0,187055.0,873575.0,836894.0,65638.0,102319.0
2012-04-03,1048315.0,189969.0,509061.0,133053.0,16613.0,49420.0,240539.0,5152.0,108956.0,35950.0,26529.0,223786.0,981672.0,939517.0,66643.0,108798.0
2012-04-10,1095714.0,205769.0,508849.0,117602.0,16347.0,59095.0,250113.0,7440.0,121286.0,34269.0,34102.0,238029.0,1026163.0,985147.0,69551.0,110567.0
2012-04-17,1137348.0,213533.0,516478.0,116202.0,16314.0,64137.0,247306.0,6532.0,132811.0,39869.0,36484.0,249240.0,1063099.0,1021998.0,74249.0,115350.0
2012-04-24,1077314.0,210862.0,521216.0,118480.0,14884.0,55546.0,249694.0,6305.0,127519.0,43215.0,38673.0,196642.0,1001960.0,960785.0,75355.0,116529.0
2012-05-01,1112165.0,192831.0,523397.0,125420.0,15677.0,58524.0,261045.0,7156.0,139936.0,45512.0,39638.0,215667.0,1038935.0,999995.0,73230.0,112170.0
2012-05-08,1100686.0,208616.0,514179.0,123679.0,14747.0,59089.0,238303.0,7975.0,140302.0,45084.0,38689.0,211110.0,1026182.0,986091.0,74504.0,114595.0
2012-05-15,1104590.0,216493.0,509536.0,123183.0,13197.0,60976.0,223123.0,5035.0,135191.0,40192.0,38493.0,236435.0,1035594.0,998863.0,68996.0,105727.0
2012-05-22,1108738.0,211951.0,498502.0,123740.0,11499.0,62222.0,214768.0,12461.0,137540.0,41387.0,35671.0,244967.0,1036576.0,1002861.0,72162.0,105877.0
2012-05-29,1093933.0,213347.0,494360.0,122024.0,12077.0,60953.0,215036.0,13201.0,134164.0,38987.0,36448.0,239003.0,1023515.0,990206.0,70418.0,103727.0
2012-06-05,1082409.0,219059.0,476852.0,121447.0,10930.0,64854.0,193971.0,15000.0,136902.0,36048.0,38050.0,239793.0,1012075.0,982382.0,70335.0,100028.0
2012-06-12,1099528.0,202711.0,496531.0,121620.0,16115.0,56240.0,218940.0,5984.0,142533.0,37926.0,38746.0,242699.0,1022670.0,998849.0,76858.0,100679.0
2012-06-19,1116839.0,204491.0,505860.0,120203.0,16817.0,55552.0,220530.0,2976.0,152620.0,38633.0,38920.0,242775.0,1034805.0,1015521.0,82033.0,101318.0
2012-06-26,1046687.0,182070.0,502139.0,120813.0,18560.0,48317.0,238075.0,5486.0,140079.0,39082.0,40306.0,191874.0,960309.0,946761.0,86377.0,99926.0
2012-07-03,1105822.0,178738.0,521725.0,122781.0,23634.0,47306.0,254068.0,3986.0,148363.0,46375.0,41117.0,224362.0,1021994.0,1010494.0,83828.0,95328.0
2012-07-10,1177621.0,201065.0,528646.0,116047.0,38029.0,54146.0,255198.0,4406.0,152881.0,50301.0,46418.0,260479.0,1090119.0,1085006.0,87502.0,92615.0
2012-07-17,1257622.0,224590.0,555212.0,117310.0,43223.0,58940.0,257135.0,4196.0,162476.0,51652.0,48102.0,291078.0,1163181.0,1163227.0,94441.0,94395.0
2012-07-24,1259806.0,231350.0,542057.0,110089.0,41426.0,69035.0,245183.0,4317.0,165648.0,48360.0,43781.0,306467.0,1176132.0,1172731.0,83673.0,87075.0
2012-07-31,1165730.0,204367.0,509350.0,107976.0,43173.0,67766.0,244831.0,3743.0,137819.0,44355.0,46183.0,274839.0,1081952.0,1082874.0,83777.0,82856.0
2012-08-07,1140078.0,207097.0,487788.0,100437.0,45934.0,71273.0,231430.0,6696.0,135599.0,49012.0,46315.0,266214.0,1061062.0,1059819.0,79016.0,80259.0
2012-08-14,1140549.0,198710.0,478124.0,101423.0,49204.0,68339.0,234206.0,3661.0,131070.0,48769.0,47904.0,278060.0,1060577.0,1056362.0,79972.0,84187.0
2012-08-21,1231055.0,193219.0,500573.0,104474.0,50918.0,70252.0,254521.0,2133.0,147700.0,52912.0,50703.0,320194.0,1143272.0,1142472.0,87783.0,88583.0
2012-08-28,1156476.0,183496.0,477390.0,102633.0,48695.0,70535.0,238936.0,6396.0,134604.0,56107.0,51902.0,280466.0,1066778.0,1069988.0,89697.0,86487.0
2012-09-04,1197773.0,180449.0,484302.0,102018.0,45631.0,74239.0,242051.0,4380.0,144853.0,61084.0,52042.0,301163.0,1105857.0,1106609.0,91917.0,91164.0
2012-09-11,1168390.0,182906.0,470216.0,98169.0,44456.0,74169.0,231944.0,3125.0,141977.0,54621.0,49639.0,296660.0,1080447.0,1080241.0,87943.0,88149.0
2012-09-18,1157098.0,202176.0,459547.0,97168.0,43536.0,70306.0,216759.0,6884.0,134964.0,53039.0,48605.0,299212.0,1073624.0,1063054.0,83474.0,94044.0
2012-09-25,1136216.0,213859.0,453618.0,92702.0,54256.0,75773.0,198586.0,3184.0,133862.0,47061.0,28247.0,294543.0,1056385.0,1043482.0,79831.0,92734.0
2012-10-02,1125249.0,229452.0,456081.0,91364.0,49985.0,78055.0,186407.0,7665.0,133270.0,48166.0,27835.0,283097.0,1049810.0,1035989.0,75438.0,89260.0
2012-10-09,1131066.0,224824.0,454096.0,95083.0,50039.0,77659.0,184000.0,7093.0,136761.0,45278.0,27013.0,287978.0,1051584.0,1040641.0,79482.0,90425.0
2012-10-16,1126262.0,225142.0,439483.0,95055.0,47804.0,79020.0,173818.0,6722.0,140750.0,42514.0,27161.0,294263.0,1050561.0,1035203.0,75701.0,91059.0
2012-10-23,1103335.0,204103.0,428401.0,95417.0,46956.0,78576.0,180099.0,7751.0,138382.0,41769.0,27474.0,284919.0,1023265.0,1012459.0,80070.0,90877.0
2012-10-30,841602.0,155619.0,394612.0,100946.0,41016.0,43149.0,180385.0,6191.0,92068.0,38649.0,25473.0,157794.0,768610.0,760303.0,72992.0,81299.0
2012-11-06,837306.0,145646.0,383939.0,100644.0,39662.0,44866.0,174606.0,10078.0,93621.0,40966.0,24475.0,165664.0,766014.0,762304.0,71293.0,75002.0
2012-11-13,860728.0,160028.0,360370.0,100324.0,38488.0,48210.0,148559.0,22710.0,98244.0,39500.0,21228.0,195904.0,790771.0,785156.0,69957.0,75572.0
2012-11-20,874049.0,166019.0,353007.0,99759.0,38161.0,48404.0,139257.0,26467.0,107252.0,38588.0,20869.0,206651.0,805929.0,800811.0,68119.0,73238.0
2012-11-27,843320.0,163476.0,342199.0,99449.0,38902.0,48546.0,138272.0,29711.0,100820.0,37867.0,24239.0,185097.0,773527.0,769513.0,69793.0,73807.0
2012-12-04,849291.0,162491.0,338527.0,98903.0,39274.0,46478.0,135421.0,28759.0,105245.0,36835.0,21076.0,192314.0,777686.0,771674.0,71605.0,77617.0
2012-12-11,858490.0,149953.0,346580.0,98824.0,37110.0,49339.0,144392.0,21117.0,105637.0,37310.0,22244.0,200712.0,786168.0,782739.0,72321.0,75751.0
2012-12-18,875152.0,155271.0,364495.0,99688.0,32089.0,48343.0,153077.0,23088.0,104444.0,37179.0,24078.0,201408.0,799409.0,797944.0,75743.0,77208.0
2012-12-24,772684.0,152274.0,342039.0,97359.0,28042.0,39290.0,135727.0,26720.0,90985.0,37289.0,21978.0,154448.0,707372.0,703501.0,65312.0,69183.0
2012-12-31,756932.0,143465.0,329703.0,97056.0,27555.0,40358.0,132928.0,30978.0,85184.0,36671.0,21538.0,158527.0,694191.0,693844.0,62741.0,63088.0
2013-01-08,760316.0,153818.0,297418.0,92063.0,29761.0,40514.0,118923.0,45671.0,94142.0,35145.0,22342.0,164310.0,698916.0,694158.0,61400.0,66158.0
2013-01-15,761604.0,153517.0,282617.0,76384.0,35126.0,38991.0,118882.0,39446.0,103677.0,35009.0,24712.0,170720.0,697178.0,695288.0,64426.0,66316.0
2013-01-22,787074.0,150695.0,297182.0,77125.0,36260.0,39983.0,125502.0,27708.0,112596.0,36703.0,26470.0,177891.0,720495.0,718090.0,66578.0,68984.0
2013-01-29,807210.0,157239.0,306408.0,73293.0,33369.0,40512.0,131652.0,26635.0,122094.0,37655.0,30744.0,174341.0,736787.0,734103.0,70423.0,73106.0
2013-02-05,890329.0,162184.0,341329.0,75033.0,35253.0,41453.0,158688.0,23044.0,140637.0,40349.0,34558.0,198262.0,816606.0,814535.0,73724.0,75795.0
2013-02-12,882769.0,182337.0,358761.0,73451.0,34735.0,39364.0,159386.0,25653.0,124208.0,39849.0,31876.0,195783.0,814378.0,810381.0,68391.0,72388.0
2013-02-19,906979.0,201712.0,370878.0,72679.0,36395.0,41764.0,154687.0,28169.0,126203.0,45195.0,32020.0,198543.0,840784.0,833972.0,66195.0,73007.0
2013-02-26,797229.0,175312.0,369643.0,81883.0,21469.0,29170.0,145649.0,22651.0,109447.0,48800.0,24460.0,144780.0,735041.0,721618.0,62189.0,75611.0
2013-03-05,813389.0,172536.0,364312.0,77029.0,23637.0,33498.0,147961.0,19665.0,115516.0,48127.0,29792.0,154949.0,749615.0,741368.0,63774.0,72020.0
2013-03-12,827046.0,176120.0,377859.0,76205.0,23541.0,35862.0,156651.0,17307.0,112647.0,49583.0,31304.0,154687.0,761756.0,753208.0,65290.0,73838.0
2013-03-19,807250.0,189424.0,350462.0,76527.0,20912.0,36989.0,130081.0,30157.0,108825.0,49449.0,31098.0,155069.0,746364.0,733510.0,60886.0,73740.0
2013-03-26,795077.0,186242.0,359727.0,77660.0,23578.0,35310.0,134931.0,22579.0,105360.0,47320.0,31288.0,145560.0,732383.0,723403.0,62694.0,71674.0
2013-04-02,780729.0,182625.0,328004.0,80741.0,20742.0,35454.0,116646.0,39431.0,103523.0,51408.0,27539.0,151520.0,721917.0,706213.0,58812.0,74516.0
2013-04-09,801665.0,188915.0,302660.0,82237.0,21088.0,39203.0,114115.0,51515.0,111312.0,41824.0,31883.0,163505.0,741112.0,721167.0,60553.0,80498.0
2013-04-16,789066.0,178146.0,305046.0,81400.0,19686.0,40916.0,120328.0,45759.0,101927.0,41759.0,31182.0,167112.0,731587.0,711628.0,57479.0,77438.0
2013-04-23,810498.0,195195.0,325321.0,80445.0,14505.0,43998.0,117443.0,43738.0,99590.0,42909.0,35109.0,170358.0,749938.0,732619.0,60560.0,77878.0
2013-04-30,730966.0,163914.0,327695.0,90383.0,8369.0,28326.0,131125.0,39815.0,84773.0,41004.0,36230.0,132541.0,672066.0,657750.0,58899.0,73216.0
2013-05-07,735671.0,167696.0,308651.0,89710.0,6984.0,30145.0,125391.0,52327.0,85970.0,41660.0,36610.0,138579.0,679151.0,659266.0,56520.0,76405.0
2013-05-14,782164.0,171508.0,321211.0,86856.0,6429.0,33675.0,139321.0,55495.0,98004.0,42805.0,37832.0,149575.0,721744.0,702220.0,60420.0,79943.0
2013-05-21,829734.0,172180.0,328898.0,85307.0,11614.0,30800.0,164999.0,59740.0,102326.0,45088.0,44782.0,168436.0,769137.0,746596.0,60597.0,83138.0
2013-05-28,845705.0,151905.0,320102.0,81652.0,14012.0,32907.0,185790.0,59066.0,108442.0,44562.0,42430.0,180735.0,785993.0,757693.0,59712.0,88013.0
2013-06-04,894137.0,162212.0,342468.0,83801.0,19653.0,33020.0,189690.0,48513.0,115271.0,43419.0,36896.0,204908.0,832322.0,800730.0,61815.0,93407.0
2013-06-11,918497.0,165430.0,360144.0,86689.0,19541.0,37366.0,200075.0,46640.0,106900.0,44630.0,36121.0,214621.0,855709.0,821333.0,62788.0,97165.0
2013-06-18,920174.0,174683.0,353579.0,87386.0,16343.0,42579.0,186409.0,52121.0,114265.0,39778.0,33571.0,213968.0,859068.0,826427.0,61106.0,93748.0
2013-06-25,770698.0,142454.0,328886.0,98271.0,11159.0,26086.0,171710.0,43430.0,91758.0,38265.0,37676.0,143566.0,712110.0,682563.0,58588.0,88135.0
2013-07-02,742553.0,140591.0,305507.0,92268.0,12093.0,25823.0,155186.0,44374.0,93255.0,38799.0,33937.0,143854.0,689777.0,658843.0,52776.0,83709.0
2013-07-09,741375.0,136500.0,300900.0,88965.0,13387.0,27346.0,150578.0,38390.0,93413.0,40452.0,31763.0,147546.0,684800.0,652745.0,56575.0,88630.0
2013-07-16,752912.0,134740.0,312704.0,87048.0,13442.0,25468.0,169209.0,44777.0,93995.0,35535.0,30363.0,151271.0,697267.0,672019.0,55645.0,80892.0
2013-07-23,770598.0,139052.0,299147.0,88429.0,11073.0,26043.0,168461.0,58819.0,94663.0,39621.0,36231.0,160852.0,717121.0,686828.0,53477.0,83771.0
2013-07-30,729592.0,154701.0,266134.0,86976.0,11916.0,25590.0,136707.0,61217.0,91931.0,37988.0,36086.0,150439.0,684331.0,643313.0,45260.0,86278.0
2013-08-06,757161.0,179904.0,251537.0,86044.0,11381.0,26401.0,119267.0,75687.0,91546.0,41341.0,39191.0,167530.0,712032.0,663273.0,45129.0,93888.0
2013-08-13,759301.0,184605.0,276140.0,84223.0,9443.0,25088.0,120681.0,73504.0,91583.0,43487.0,30684.0,162143.0,711811.0,668586.0,47490.0,90714.0
2013-08-20,800696.0,179689.0,332862.0,89555.0,15084.0,22473.0,148278.0,48290.0,90023.0,41912.0,33034.0,178561.0,750491.0,720327.0,50205.0,80369.0
2013-08-27,829919.0,175499.0,376939.0,95522.0,18476.0,23100.0,165826.0,27644.0,93240.0,39234.0,30196.0,181090.0,773511.0,750686.0,56407.0,79233.0
2013-09-03,877640.0,181515.0,405738.0,97629.0,17468.0,23705.0,181962.0,22524.0,100907.0,36259.0,29078.0,197573.0,819549.0,796992.0,58091.0,80648.0
2013-09-10,889565.0,192636.0,407236.0,99160.0,14359.0,25623.0,172225.0,26292.0,91828.0,36897.0,30497.0,211291.0,829660.0,807127.0,59905.0,82439.0
2013-09-17,890031.0,188095.0,407092.0,98517.0,13464.0,26512.0,174202.0,26451.0,88910.0,40928.0,31468.0,212160.0,829325.0,806057.0,60707.0,83974.0
2013-09-24,870333.0,193823.0,394708.0,95782.0,11428.0,26830.0,160835.0,25583.0,96497.0,37020.0,31569.0,199185.0,809972.0,785801.0,60360.0,84532.0
2013-10-01,882590.0,209356.0,383829.0,93244.0,9008.0,33538.0,138504.0,28644.0,104601.0,37906.0,32937.0,203200.0,820349.0,795756.0,62241.0,86834.0
2013-10-08,871614.0,220083.0,391678.0,93288.0,11642.0,30204.0,137768.0,28502.0,97950.0,36954.0,30000.0,193155.0,809402.0,783130.0,62212.0,88484.0
2013-10-15,890058.0,235044.0,403808.0,92446.0,10466.0,35476.0,139515.0,27336.0,100020.0,35245.0,29134.0,190242.0,827988.0,796481.0,62070.0,93576.0
2013-10-22,882349.0,225921.0,409997.0,95146.0,11643.0,32672.0,146309.0,27014.0,100186.0,37004.0,30413.0,178803.0,816041.0,790729.0,66308.0,91620.0
2013-10-29,709780.0,176976.0,360134.0,95174.0,12187.0,16490.0,141995.0,25637.0,83876.0,37280.0,26564.0,97066.0,648857.0,621954.0,60923.0,87826.0
2013-11-05,700143.0,166092.0,331085.0,96410.0,12218.0,15983.0,138280.0,40715.0,77558.0,40943.0,29265.0,108754.0,644020.0,615578.0,56123.0,84565.0
2013-11-12,711578.0,153331.0,347411.0,96589.0,12636.0,16009.0,149229.0,28338.0,80024.0,43285.0,29878.0,114837.0,653304.0,629134.0,58275.0,82444.0
2013-11-19,723098.0,157462.0,354047.0,97253.0,11174.0,16458.0,157313.0,27920.0,78174.0,41428.0,28977.0,119626.0,667713.0,636377.0,55385.0,86721.0
2013-11-26,741684.0,156104.0,364216.0,94391.0,13302.0,15499.0,172118.0,25950.0,84325.0,43472.0,32028.0,114122.0,680031.0,649442.0,61652.0,92242.0
2013-12-03,756122.0,155457.0,362630.0,90865.0,11781.0,15985.0,181594.0,30516.0,86662.0,45664.0,33709.0,117003.0,693230.0,658286.0,62892.0,97836.0
2013-12-10,789314.0,165427.0,386268.0,90849.0,13149.0,18893.0,190150.0,27245.0,76269.0,49600.0,34038.0,134826.0,726014.0,690688.0,63301.0,98626.0
2013-12-17,811261.0,178755.0,403277.0,95122.0,17976.0,14463.0,198092.0,25736.0,73817.0,49321.0,35525.0,136472.0,746042.0,707265.0,65219.0,103996.0
2013-12-24,786037.0,161191.0,389422.0,96786.0,13507.0,14458.0,193993.0,28270.0,75448.0,49305.0,32659.0,132446.0,723628.0,686210.0,62409.0,99827.0
2013-12-31,712941.0,139188.0,346298.0,94605.0,11515.0,11820.0,178337.0,41654.0,76805.0,51824.0,25750.0,105339.0,657919.0,619180.0,55023.0,93761.0
2014-01-07,722037.0,154180.0,330346.0,94007.0,10714.0,12779.0,155523.0,47865.0,81049.0,54020.0,25842.0,116335.0,667892.0,624929.0,54144.0,97107.0
2014-01-14,739472.0,144903.0,334688.0,93426.0,14521.0,15177.0,168011.0,41640.0,81484.0,58912.0,33299.0,121720.0,683632.0,642528.0,55839.0,96943.0
2014-01-21,764688.0,154118.0,345522.0,93976.0,14026.0,17191.0,172729.0,45568.0,76739.0,62219.0,35308.0,129685.0,706658.0,664039.0,58031.0,100649.0
2014-01-28,743080.0,153555.0,334608.0,92639.0,12346.0,16633.0,162874.0,41243.0,73041.0,61456.0,34715.0,126106.0,686304.0,638692.0,56776.0,104388.0
2014-02-04,778519.0,161455.0,358587.0,90525.0,12696.0,18535.0,177296.0,30763.0,78169.0,60107.0,36464.0,134654.0,720740.0,669868.0,57779.0,108651.0
2014-02-11,835846.0,164897.0,387626.0,87240.0,16016.0,24676.0,201715.0,25589.0,84048.0,62792.0,36280.0,147117.0,772485.0,721354.0,63361.0,114492.0
2014-02-18,858410.0,163262.0,400051.0,88466.0,18034.0,24931.0,217062.0,21570.0,76379.0,63370.0,42122.0,157076.0,790547.0,740162.0,67863.0,118248.0
2014-02-25,834272.0,167940.0,419305.0,90802.0,16230.0,18767.0,220101.0,17105.0,71161.0,64637.0,39290.0,132561.0,765970.0,714419.0,68302.0,119853.0
2014-03-04,831220.0,160291.0,413948.0,93517.0,12741.0,20518.0,227781.0,19288.0,65270.0,62685.0,44267.0,144750.0,774812.0,720782.0,56408.0,110439.0
2014-03-11,849739.0,173119.0,413336.0,91742.0,13887.0,21868.0,221980.0,23360.0,68101.0,57673.0,44480.0,157373.0,791856.0,742405.0,57883.0,107333.0
2014-03-18,842042.0,170298.0,398685.0,90103.0,14467.0,25692.0,220695.0,22023.0,66088.0,49943.0,46019.0,161888.0,784707.0,734862.0,57335.0,107180.0
2014-03-25,795823.0,156136.0,376042.0,91904.0,14540.0,23655.0,206871.0,21442.0,60863.0,47902.0,41072.0,147180.0,734510.0,684794.0,61312.0,111029.0
2014-04-01,833669.0,165967.0,394669.0,92419.0,15791.0,26321.0,212707.0,19261.0,56559.0,52588.0,42748.0,167397.0,773959.0,722746.0,59710.0,110924.0
2014-04-08,848303.0,169303.0,390133.0,93283.0,12518.0,28804.0,206487.0,25235.0,60724.0,50533.0,43285.0,174519.0,783653.0,735218.0,64650.0,113086.0
2014-04-15,901130.0,175218.0,404701.0,95346.0,10398.0,33338.0,210283.0,23746.0,70300.0,52283.0,44256.0,198825.0,835592.0,785563.0,65538.0,115567.0
2014-04-22,903409.0,189846.0,392673.0,95583.0,8354.0,34545.0,194823.0,29672.0,76917.0,47089.0,45319.0,201221.0,840025.0,788702.0,63385.0,114707.0
2014-04-29,788198.0,163252.0,375316.0,97857.0,5562.0,22033.0,195362.0,26486.0,55511.0,47229.0,41910.0,147042.0,728286.0,673860.0,59912.0,114338.0
2014-05-06,760332.0,163970.0,340515.0,97584.0,4121.0,23609.0,173398.0,35354.0,51563.0,47066.0,45171.0,145736.0,702925.0,646067.0,57406.0,114265.0
2014-05-13,781803.0,176485.0,343344.0,92301.0,4766.0,24606.0,171829.0,40066.0,51035.0,54433.0,46919.0,155284.0,725973.0,666019.0,55829.0,115784.0
2014-05-20,798278.0,186217.0,347034.0,92504.0,4937.0,24381.0,167027.0,46108.0,59712.0,52853.0,41672.0,157013.0,739709.0,680858.0,58569.0,117420.0
2014-05-27,816108.0,194485.0,359665.0,91690.0,5572.0,26213.0,167348.0,40311.0,59359.0,56149.0,41397.0,161326.0,756570.0,693843.0,59538.0,122265.0
2014-06-03,835276.0,211751.0,345039.0,89498.0,4947.0,28524.0,160511.0,56361.0,62162.0,57480.0,43960.0,168422.0,778348.0,709414.0,56928.0,125862.0
2014-06-10,842051.0,204489.0,319902.0,96030.0,7837.0,28014.0,150631.0,70488.0,66292.0,60401.0,43963.0,177425.0,783282.0,713921.0,58769.0,128130.0
2014-06-17,852366.0,212776.0,282558.0,95538.0,6552.0,31756.0,139107.0,92483.0,64067.0,59430.0,48183.0,193854.0,796528.0,719453.0,55838.0,132913.0
2014-06-24,764084.0,195470.0,265536.0,96051.0,6139.0,21715.0,135322.0,94101.0,60995.0,60829.0,47164.0,141567.0,711950.0,637217.0,52135.0,126867.0
2014-07-01,807301.0,208689.0,248131.0,96923.0,5469.0,25145.0,134422.0,112218.0,62618.0,62294.0,57615.0,166773.0,756864.0,677970.0,50437.0,129331.0
2014-07-08,861151.0,224338.0,238588.0,95365.0,5874.0,26365.0,125886.0,123744.0,73370.0,64871.0,56739.0,197240.0,807434.0,721920.0,53718.0,139231.0
2014-07-15,918357.0,254042.0,244413.0,92028.0,4415.0,32810.0,117095.0,123184.0,80594.0,65473.0,64181.0,222598.0,864640.0,772195.0,53716.0,146162.0
2014-07-22,990767.0,283939.0,262456.0,90898.0,3536.0,36933.0,113260.0,131803.0,89919.0,69812.0,65325.0,252315.0,937076.0,842287.0,53691.0,148479.0
2014-07-29,895718.0,260673.0,253113.0,90480.0,3136.0,31745.0,113943.0,122262.0,75572.0,63526.0,57183.0,210513.0,846452.0,753526.0,49265.0,142192.0
2014-08-05,956311.0,273428.0,258149.0,88112.0,3986.0,36620.0,114374.0,128987.0,86711.0,66089.0,58020.0,239116.0,904451.0,811589.0,51860.0,144722.0
2014-08-12,976948.0,281860.0,271111.0,88030.0,4356.0,36102.0,111084.0,122788.0,90283.0,70578.0,56270.0,246964.0,924900.0,827874.0,52048.0,149074.0
2014-08-19,975664.0,289237.0,272410.0,90661.0,4339.0,33546.0,110322.0,127020.0,89335.0,70919.0,57290.0,240971.0,924991.0,824912.0,50673.0,150752.0
2014-08-26,956762.0,294958.0,263769.0,92799.0,4514.0,32584.0,109532.0,131472.0,86690.0,73864.0,66458.0,211462.0,901888.0,796948.0,54873.0,159813.0
2014-09-02,982562.0,301957.0,262255.0,93191.0,5680.0,33599.0,110247.0,135821.0,91701.0,75114.0,70023.0,220460.0,926270.0,819539.0,56292.0,163023.0
2014-09-09,1062781.0,323691.0,273862.0,96429.0,5325.0,37328.0,101779.0,141565.0,106643.0,77101.0,69200.0,263082.0,1006053.0,897004.0,56728.0,165777.0
2014-09-16,1119449.0,345330.0,277990.0,93787.0,6276.0,38147.0,101898.0,135627.0,119545.0,75991.0,76555.0,286786.0,1061484.0,940924.0,57965.0,178525.0
2014-09-23,1213730.0,363950.0,284732.0,94325.0,6639.0,42344.0,102259.0,125950.0,133510.0,76377.0,90336.0,341558.0,1154323.0,1025069.0,59407.0,188661.0
2014-09-30,1240345.0,364019.0,286342.0,92549.0,8023.0,47892.0,104006.0,119220.0,137962.0,76021.0,91152.0,357924.0,1180373.0,1048515.0,59972.0,191830.0
2014-10-07,1232537.0,358854.0,296103.0,93277.0,8336.0,43356.0,98334.0,122791.0,142567.0,76174.0,75944.0,357737.0,1170300.0,1046836.0,62238.0,185702.0
2014-10-14,1258886.0,357521.0,308537.0,90037.0,7926.0,48813.0,99126.0,116316.0,147194.0,76869.0,71800.0,379704.0,1199263.0,1080290.0,59623.0,178596.0
2014-10-21,1239334.0,342937.0,306749.0,87980.0,6989.0,46658.0,97190.0,113527.0,141614.0,83867.0,67776.0,377297.0,1177543.0,1060611.0,61792.0,178724.0
2014-10-28,901622.0,267587.0,275359.0,87781.0,6985.0,22441.0,103505.0,95123.0,85329.0,80940.0,60789.0,197612.0,845194.0,743638.0,56428.0,157984.0
2014-11-04,893426.0,260832.0,290250.0,89080.0,3962.0,21892.0,107139.0,88442.0,78712.0,80835.0,53773.0,203928.0,842418.0,740959.0,51008.0,152467.0
2014-11-11,899654.0,251139.0,303809.0,92368.0,7237.0,22706.0,116504.0,75151.0,74768.0,76219.0,56986.0,211853.0,845556.0,752509.0,54098.0,147145.0
2014-11-18,916099.0,270720.0,318201.0,93365.0,5466.0,23187.0,107971.0,77238.0,73364.0,72388.0,51354.0,221758.0,862754.0,770568.0,53344.0,145531.0
2014-11-25,892505.0,270868.0,316413.0,93176.0,7390.0,20964.0,112295.0,74476.0,74208.0,68609.0,54867.0,197635.0,837755.0,745954.0,54749.0,146551.0
2014-12-02,915637.0,282028.0,300979.0,90699.0,4930.0,23157.0,99530.0,84635.0,90129.0,68811.0,54920.0,208400.0,862754.0,767150.0,52884.0,148488.0
2014-12-09,929951.0,268377.0,320449.0,89715.0,6526.0,25985.0,107843.0,64199.0,98932.0,67044.0,54159.0,216765.0,874661.0,787015.0,55290.0,142936.0
2014-12-16,948096.0,266221.0,314393.0,87881.0,5772.0,28253.0,110746.0,74492.0,88913.0,68722.0,51791.0,241753.0,892488.0,805366.0,55608.0,142730.0
2014-12-23,903785.0,251765.0,307000.0,94111.0,5542.0,21787.0,113534.0,74826.0,74640.0,66764.0,55096.0,226637.0,849238.0,765528.0,54548.0,138257.0
2014-12-30,787117.0,228637.0,281413.0,92961.0,5318.0,16506.0,117324.0,77878.0,59592.0,67663.0,54682.0,156465.0,739148.0,651855.0,47969.0,135262.0
2015-01-06,803171.0,231839.0,288443.0,92709.0,5743.0,17683.0,118956.0,76353.0,61849.0,68775.0,53961.0,164111.0,755923.0,668143.0,47248.0,135028.0
2015-01-13,842371.0,257057.0,285688.0,91726.0,4354.0,20687.0,109063.0,94543.0,66094.0,74679.0,54558.0,177131.0,796436.0,703054.0,45935.0,139317.0
2015-01-20,908821.0,278985.0,284652.0,90627.0,3937.0,25469.0,96901.0,104440.0,85187.0,83293.0,62841.0,202120.0,862583.0,768647.0,46237.0,140173.0
2015-01-27,925371.0,315634.0,290999.0,92422.0,3766.0,23855.0,82406.0,115427.0,89857.0,79052.0,63494.0,195861.0,879086.0,783258.0,46285.0,142113.0
2015-02-03,958275.0,315402.0,311508.0,93382.0,2929.0,28161.0,90577.0,105929.0,101209.0,75068.0,66305.0,202824.0,906622.0,818865.0,51653.0,139410.0
2015-02-10,995015.0,325969.0,303858.0,95490.0,2918.0,25133.0,81087.0,120744.0,113569.0,74405.0,62683.0,224182.0,939835.0,853087.0,55179.0,141928.0
2015-02-17,950537.0,299760.0,303901.0,96328.0,3619.0,24193.0,89454.0,105113.0,99681.0,74732.0,67870.0,209482.0,893630.0,813860.0,56907.0,136677.0
2015-02-24,884614.0,262832.0,292555.0,95389.0,4424.0,18822.0,97967.0,97683.0,94160.0,75087.0,60358.0,182064.0,826320.0,750065.0,58294.0,134549.0
2015-03-03,896551.0,250268.0,293155.0,100778.0,4632.0,18549.0,94899.0,91122.0,97130.0,91425.0,60566.0,191801.0,844850.0,756954.0,51701.0,139596.0
2015-03-10,913568.0,284355.0,307443.0,101190.0,4274.0,16607.0,79962.0,97376.0,98973.0,90985.0,61959.0,190730.0,862802.0,777361.0,50766.0,136207.0
2015-03-17,990121.0,319174.0,323008.0,101623.0,5066.0,19979.0,73100.0,112786.0,108499.0,97170.0,65792.0,216645.0,936189.0,851775.0,53932.0,138347.0
2015-03-24,982456.0,309663.0,334752.0,107270.0,3722.0,18462.0,75675.0,114517.0,108123.0,99982.0,60184.0,209439.0,928613.0,849199.0,53843.0,133256.0
2015-03-31,996400.0,319952.0,341384.0,108464.0,3417.0,20914.0,78212.0,124413.0,115012.0,101952.0,58857.0,195546.0,940052.0,859542.0,56347.0,136857.0
2015-04-07,985276.0,320046.0,344585.0,110347.0,3466.0,19371.0,73349.0,121941.0,104670.0,102536.0,60242.0,198908.0,929228.0,853184.0,56048.0,132093.0
2015-04-14,1050407.0,352992.0,347879.0,114564.0,2938.0,25540.0,64333.0,146049.0,112884.0,102508.0,61810.0,218655.0,991475.0,915754.0,58932.0,134653.0
2015-04-21,1000232.0,315247.0,339607.0,113159.0,2698.0,22210.0,71660.0,119165.0,101678.0,100933.0,62170.0,219365.0,944252.0,866891.0,55980.0,133341.0
2015-04-28,881492.0,264174.0,310163.0,112454.0,3260.0,14854.0,80004.0,112037.0,83368.0,107376.0,59597.0,165732.0,827961.0,749009.0,53531.0,132482.0
2015-05-05,888556.0,260219.0,310315.0,116882.0,3258.0,15736.0,84083.0,113263.0,82629.0,108659.0,58683.0,171220.0,839428.0,755104.0,49128.0,133452.0
2015-05-12,909506.0,263656.0,309132.0,120707.0,3365.0,15179.0,83095.0,133546.0,81155.0,122905.0,59390.0,173491.0,860189.0,775259.0,49317.0,134247.0
2015-05-19,922573.0,275434.0,279136.0,120948.0,3250.0,15501.0,67818.0,158089.0,83448.0,118430.0,59535.0,190225.0,871805.0,789183.0,50769.0,133390.0
2015-05-26,946375.0,285435.0,274068.0,120894.0,3197.0,17209.0,66959.0,170922.0,83530.0,116201.0,58825.0,201883.0,892112.0,809634.0,54263.0,136741.0
2015-06-02,983354.0,296345.0,308904.0,127582.0,2879.0,17130.0,70366.0,165147.0,89710.0,117256.0,56117.0,209485.0,927874.0,849372.0,55480.0,133982.0
2015-06-09,991973.0,291347.0,320230.0,127958.0,4258.0,17831.0,71204.0,154144.0,85160.0,113969.0,51914.0,226353.0,933823.0,859890.0,58151.0,132083.0
2015-06-16,993940.0,274856.0,323668.0,125465.0,4060.0,21283.0,83477.0,147025.0,89339.0,114062.0,52821.0,229963.0,938444.0,868158.0,55496.0,125782.0
2015-06-23,964765.0,237723.0,357915.0,120376.0,5257.0,29048.0,92393.0,90564.0,85510.0,105310.0,40136.0,235996.0,906356.0,844425.0,58408.0,120340.0
2015-06-30,913737.0,222129.0,408696.0,120848.0,7768.0,27261.0,115514.0,47918.0,82008.0,81300.0,28963.0,208180.0,857239.0,810794.0,56498.0,102943.0
2015-07-07,897572.0,212056.0,406671.0,121597.0,5145.0,27233.0,118062.0,44806.0,81195.0,73245.0,23776.0,206931.0,840319.0,795756.0,57253.0,101816.0
2015-07-14,925347.0,223854.0,428036.0,112423.0,8003.0,30403.0,118361.0,33257.0,78184.0,72363.0,22806.0,228651.0,864239.0,829340.0,61108.0,96007.0
2015-07-21,916868.0,223184.0,427229.0,111380.0,6272.0,30071.0,120150.0,29931.0,78790.0,71391.0,27121.0,220672.0,855639.0,820087.0,61230.0,96782.0
2015-07-28,834652.0,222699.0,376872.0,108631.0,2729.0,25399.0,106108.0,43813.0,70095.0,57980.0,29634.0,189855.0,780768.0,738397.0,53884.0,96255.0
2015-08-04,850424.0,237122.0,378268.0,108255.0,4271.0,25887.0,99462.0,48596.0,71024.0,58184.0,31566.0,196718.0,796652.0,756331.0,53772.0,94093.0
2015-08-11,859110.0,236237.0,404177.0,109534.0,6529.0,22990.0,100836.0,41483.0,75564.0,63212.0,26922.0,194518.0,802890.0,772182.0,56219.0,86927.0
2015-08-18,899748.0,261604.0,381482.0,107137.0,3719.0,26724.0,87527.0,67843.0,71888.0,68792.0,36731.0,221044.0,844716.0,809431.0,55031.0,90316.0
2015-08-25,887819.0,277085.0,360429.0,104134.0,5861.0,23493.0,69937.0,69162.0,74342.0,66570.0,43004.0,214312.0,829872.0,790603.0,57947.0,97216.0
2015-09-01,896140.0,279520.0,348316.0,102447.0,5343.0,24876.0,66600.0,83902.0,84306.0,67456.0,40408.0,215095.0,840301.0,802245.0,55840.0,93895.0
2015-09-08,897429.0,273432.0,350703.0,102716.0,4311.0,24681.0,68636.0,87152.0,80076.0,71504.0,40025.0,218200.0,839245.0,805148.0,58184.0,92280.0
2015-09-15,911018.0,276526.0,352051.0,103321.0,4501.0,24070.0,69897.0,94919.0,86817.0,73241.0,41147.0,218648.0,852520.0,822154.0,58498.0,88864.0
2015-09-22,959284.0,296818.0,355156.0,104859.0,3803.0,25161.0,67952.0,114202.0,89062.0,76450.0,40240.0,239995.0,900297.0,867619.0,58987.0,91665.0
2015-09-29,944877.0,293623.0,379826.0,106585.0,5436.0,22421.0,65877.0,96374.0,87487.0,80980.0,35956.0,227650.0,884623.0,855149.0,60255.0,89728.0
2015-10-06,950613.0,291346.0,391986.0,110292.0,4282.0,21863.0,69132.0,88288.0,89543.0,77815.0,36475.0,226604.0,886596.0,859041.0,64017.0,91571.0
2015-10-13,981222.0,283216.0,405503.0,105400.0,7412.0,23866.0,84214.0,82107.0,89630.0,79415.0,35016.0,246726.0,912467.0,890260.0,68755.0,90962.0
2015-10-20,978958.0,316010.0,415369.0,88105.0,7368.0,38874.0,75669.0,72809.0,82168.0,79019.0,41225.0,228587.0,908432.0,886399.0,70526.0,92558.0
2015-10-27,788010.0,260932.0,356494.0,90706.0,7402.0,29791.0,76618.0,74242.0,67946.0,63455.0,41398.0,128714.0,718161.0,705987.0,69849.0,82024.0
2015-11-03,777481.0,266898.0,337255.0,88403.0,7066.0,29554.0,66644.0,87120.0,58637.0,63831.0,45454.0,136575.0,710542.0,701662.0,66938.0,75819.0
2015-11-10,824618.0,290159.0,324744.0,88201.0,6288.0,30680.0,64716.0,117017.0,64932.0,64897.0,49139.0,153897.0,757482.0,746696.0,67137.0,77922.0
2015-11-17,843583.0,292764.0,331733.0,87852.0,6240.0,31903.0,60028.0,110913.0,70345.0,65514.0,48484.0,166537.0,774943.0,766154.0,68640.0,77429.0
2015-11-24,856763.0,302165.0,337201.0,90130.0,6140.0,31522.0,54851.0,107776.0,73646.0,67630.0,56089.0,168358.0,788302.0,780732.0,68461.0,76032.0
2015-12-01,857662.0,288386.0,347108.0,100675.0,6700.0,31120.0,65558.0,100326.0,67444.0,64706.0,57052.0,172549.0,790438.0,782299.0,67224.0,75362.0
2015-12-08,875282.0,294330.0,369046.0,98808.0,5171.0,31019.0,75888.0,87003.0,70802.0,58631.0,55582.0,177247.0,806725.0,795871.0,68557.0,79411.0
2015-12-15,878010.0,302931.0,351667.0,94235.0,5360.0,33224.0,66924.0,96443.0,70561.0,56656.0,58208.0,182899.0,807428.0,798362.0,70581.0,79648.0
2015-12-22,864240.0,303338.0,353197.0,92910.0,4340.0,34410.0,61148.0,92829.0,69984.0,55800.0,55722.0,177605.0,795195.0,788088.0,69044.0,76151.0
2015-12-29,799448.0,292968.0,310090.0,93461.0,4338.0,30085.0,52596.0,116111.0,61036.0,57581.0,54736.0,147507.0,735234.0,723903.0,64215.0,75545.0
2016-01-05,823470.0,298253.0,290637.0,95446.0,4257.0,30138.0,55857.0,135404.0,63268.0,59814.0,62370.0,158369.0,761144.0,744443.0,62326.0,79027.0
2016-01-12,837091.0,291645.0,314889.0,99312.0,4267.0,35723.0,66840.0,119880.0,69118.0,59160.0,67725.0,149245.0,771043.0,760848.0,66047.0,76243.0
2016-01-19,833868.0,279724.0,333357.0,98649.0,4723.0,36508.0,70022.0,95795.0,71653.0,63439.0,66670.0,148697.0,768692.0,757402.0,65176.0,76466.0
2016-01-26,846887.0,292785.0,343970.0,101887.0,4583.0,36435.0,68542.0,98998.0,69132.0,67836.0,69154.0,145347.0,781964.0,767620.0,64923.0,79268.0
2016-02-02,889581.0,297376.0,356903.0,104674.0,4489.0,37257.0,80711.0,106573.0,70154.0,69015.0,71669.0,161770.0,820956.0,808814.0,68625.0,80767.0
2016-02-09,921162.0,321445.0,335695.0,108131.0,4766.0,38659.0,64866.0,133003.0,82817.0,68983.0,74101.0,168592.0,853493.0,837634.0,67669.0,83529.0
2016-02-16,922451.0,306141.0,348150.0,108502.0,4776.0,41516.0,79088.0,122479.0,82262.0,67395.0,73370.0,169302.0,854206.0,841854.0,68245.0,80597.0
2016-02-23,861814.0,278396.0,331136.0,105604.0,5198.0,37871.0,85342.0,107401.0,77053.0,65623.0,74255.0,144523.0,794412.0,777438.0,67402.0,84376.0
2016-03-01,866539.0,282474.0,291718.0,107663.0,5230.0,36489.0,59714.0,141172.0,87418.0,71267.0,75769.0,151458.0,796483.0,789255.0,70056.0,77283.0
2016-03-08,876425.0,280133.0,328150.0,105803.0,6626.0,33938.0,68028.0,110934.0,92441.0,73607.0,66710.0,157593.0,811542.0,796392.0,64883.0,80033.0
2016-03-15,906462.0,262662.0,369269.0,111123.0,8783.0,31708.0,102940.0,81166.0,94717.0,72760.0,68838.0,166510.0,842420.0,820992.0,64042.0,85471.0
2016-03-22,981010.0,258080.0,405862.0,118481.0,12324.0,34977.0,123531.0,69849.0,103481.0,77415.0,63672.0,194827.0,910792.0,884991.0,70218.0,96019.0
2016-03-29,978426.0,240870.0,412365.0,124504.0,13540.0,36571.0,139838.0,64388.0,103215.0,74944.0,57149.0,190634.0,910576.0,877862.0,67849.0,100564.0
2016-04-05,977839.0,238869.0,405618.0,133680.0,11656.0,33379.0,141131.0,67390.0,99823.0,75787.0,61688.0,188065.0,910733.0,867618.0,67106.0,110220.0
2016-04-12,1082919.0,270479.0,461900.0,131255.0,14122.0,38268.0,158911.0,58695.0,109819.0,82099.0,59201.0,223491.0,1014321.0,965495.0,68598.0,117423.0
2016-04-19,1214912.0,292188.0,520695.0,127677.0,16778.0,43137.0,177043.0,41633.0,132851.0,87902.0,53078.0,278701.0,1139498.0,1086872.0,75414.0,128039.0
2016-04-26,1078368.0,233092.0,470092.0,121321.0,16641.0,34996.0,190823.0,30698.0,100784.0,81901.0,45973.0,250586.0,1013502.0,949771.0,64866.0,128597.0
2016-05-03,1099929.0,222587.0,470869.0,121304.0,16008.0,36307.0,202123.0,34569.0,108433.0,85267.0,45058.0,261166.0,1037187.0,972410.0,62742.0,127519.0
2016-05-10,1201469.0,231621.0,516275.0,122686.0,16928.0,31954.0,226350.0,24568.0,119948.0,93963.0,49595.0,307628.0,1134150.0,1066897.0,67318.0,134572.0
2016-05-17,1231919.0,263190.0,547808.0,114552.0,16512.0,43626.0,217541.0,12388.0,118102.0,88902.0,46737.0,315188.0,1161101.0,1100362.0,70818.0,131557.0
2016-05-24,1185742.0,289105.0,565642.0,110452.0,14950.0,43422.0,210821.0,8648.0,108301.0,93910.0,55255.0,258469.0,1114480.0,1054688.0,71262.0,131054.0
2016-05-31,1216683.0,297208.0,574092.0,105543.0,17429.0,50244.0,219658.0,10962.0,113677.0,93279.0,53300.0,269013.0,1148623.0,1088717.0,68060.0,127966.0
2016-06-07,1253890.0,295866.0,585439.0,101934.0,17152.0,54361.0,219250.0,9199.0,108512.0,95897.0,49998.0,303274.0,1179094.0,1127935.0,74796.0,125955.0
2016-06-14,1302943.0,293813.0,587071.0,102883.0,12298.0,62961.0,214563.0,7475.0,112339.0,88367.0,44499.0,353107.0,1228032.0,1179750.0,74911.0,123193.0
2016-06-21,1282136.0,302924.0,575915.0,98657.0,11724.0,61774.0,205909.0,5120.0,107597.0,83093.0,48233.0,350524.0,1210479.0,1160888.0,71657.0,121249.0
2016-06-28,1100046.0,260440.0,529375.0,98144.0,10523.0,46977.0,199285.0,4015.0,87672.0,81340.0,44183.0,260391.0,1034249.0,983135.0,65797.0,116911.0
2016-07-05,1072802.0,267299.0,503333.0,98276.0,8686.0,45698.0,181189.0,13861.0,84172.0,80892.0,43830.0,256742.0,1014267.0,956321.0,58534.0,116481.0
2016-07-12,1119086.0,283839.0,510146.0,97085.0,9793.0,49077.0,170400.0,10993.0,90805.0,81122.0,51719.0,285117.0,1057445.0,1007651.0,61641.0,111436.0
2016-07-19,1118941.0,303306.0,509883.0,93065.0,7723.0,49998.0,152869.0,15177.0,83769.0,78798.0,47778.0,295458.0,1057264.0,1009785.0,61677.0,109156.0
2016-07-26,969840.0,266473.0,452965.0,87190.0,8480.0,42744.0,137512.0,15823.0,66605.0,76434.0,41748.0,232071.0,909029.0,860437.0,60811.0,109403.0
2016-08-02,957855.0,269762.0,433611.0,86000.0,11335.0,41031.0,126611.0,20273.0,63336.0,73996.0,41843.0,239009.0,899745.0,850438.0,58111.0,107417.0
2016-08-09,948122.0,257109.0,427267.0,87568.0,13429.0,41005.0,129076.0,16081.0,65939.0,72989.0,41263.0,238019.0,891705.0,843003.0,56416.0,105119.0
2016-08-16,933946.0,258164.0,423147.0,87045.0,12310.0,42696.0,121874.0,19974.0,68867.0,67590.0,36680.0,230708.0,876944.0,834383.0,57002.0,99564.0
2016-08-23,932722.0,242367.0,429816.0,87531.0,12533.0,42745.0,145242.0,17944.0,65374.0,66903.0,36091.0,227299.0,877461.0,831802.0,55261.0,100920.0
2016-08-30,853978.0,253266.0,394974.0,87977.0,9967.0,36742.0,119291.0,19658.0,58834.0,62535.0,40734.0,183485.0,802130.0,744394.0,51848.0,109584.0
2016-09-06,850942.0,254534.0,380645.0,88758.0,9942.0,36004.0,106997.0,23310.0,63247.0,60474.0,41139.0,187035.0,797049.0,741321.0,53893.0,109621.0
2016-09-13,858674.0,255527.0,369677.0,87986.0,10766.0,37048.0,104062.0,25073.0,61952.0,58015.0,41437.0,199622.0,804211.0,745574.0,54463.0,113099.0
2016-09-20,876710.0,256484.0,384329.0,87369.0,12097.0,40839.0,112363.0,21930.0,65179.0,57100.0,46259.0,200416.0,819749.0,771049.0,56961.0,105661.0
2016-09-27,867089.0,262091.0,360267.0,92381.0,9741.0,41006.0,96503.0,38851.0,63561.0,57511.0,42380.0,198753.0,811805.0,754558.0,55284.0,112531.0
2016-10-04,876633.0,258355.0,375481.0,93913.0,8972.0,41703.0,102331.0,37164.0,66741.0,58500.0,41450.0,198784.0,820327.0,770296.0,56306.0,106337.0
2016-10-11,879235.0,253314.0,380396.0,96957.0,8982.0,49506.0,99028.0,25959.0,57166.0,60508.0,40577.0,202685.0,819164.0,765271.0,60071.0,113964.0
2016-10-18,899743.0,258230.0,406312.0,94673.0,9014.0,53351.0,110131.0,22480.0,54503.0,66292.0,43245.0,200171.0,837351.0,789077.0,62392.0,110666.0
2016-10-25,725091.0,174515.0,377559.0,120529.0,3288.0,28159.0,118416.0,19811.0,44812.0,71773.0,38197.0,102361.0,660565.0,614186.0,64526.0,110905.0
2016-11-01,717637.0,153138.0,380233.0,124235.0,1842.0,27925.0,132247.0,21634.0,39784.0,75627.0,31458.0,106444.0,659400.0,609320.0,58237.0,108318.0
2016-11-08,729804.0,150733.0,390488.0,123509.0,2097.0,26494.0,141795.0,17531.0,42160.0,74475.0,31003.0,113568.0,672733.0,623342.0,57071.0,106463.0
2016-11-15,735285.0,164058.0,380981.0,133321.0,1436.0,23696.0,126770.0,28593.0,45531.0,70694.0,32248.0,118068.0,682139.0,630552.0,53146.0,104732.0
2016-11-22,797175.0,172603.0,404626.0,132650.0,2792.0,27253.0,146043.0,32399.0,52944.0,76996.0,31498.0,130798.0,739287.0,682309.0,57888.0,114865.0
2016-11-29,841404.0,180515.0,438512.0,139363.0,2826.0,31209.0,169730.0,35025.0,50528.0,86371.0,35214.0,124028.0,781745.0,717341.0,59660.0,124063.0
2016-12-06,866834.0,194817.0,439934.0,138541.0,3127.0,33981.0,159456.0,36808.0,59126.0,85656.0,31110.0,134435.0,806011.0,738521.0,60823.0,128313.0
2016-12-13,880522.0,210917.0,435925.0,124117.0,2651.0,37996.0,157325.0,36575.0,66682.0,83046.0,32005.0,144204.0,824288.0,756038.0,56234.0,124484.0
2016-12-20,860636.0,221093.0,424518.0,118685.0,2652.0,38153.0,149766.0,38054.0,56281.0,77052.0,31921.0,142771.0,803801.0,734349.0,56835.0,126287.0
2016-12-27,783863.0,208940.0,400361.0,118315.0,2555.0,32940.0,136707.0,29632.0,48411.0,67522.0,29029.0,112568.0,725403.0,655495.0,58460.0,128368.0
2017-01-03,753646.0,202489.0,376716.0,112650.0,3379.0,28967.0,129474.0,35227.0,45476.0,69337.0,30928.0,114926.0,703318.0,635619.0,50328.0,118027.0
2017-01-10,753124.0,201003.0,371079.0,115555.0,4288.0,29397.0,131559.0,35669.0,47313.0,66037.0,35161.0,111860.0,702725.0,634766.0,50399.0,118358.0
2017-01-17,832348.0,203454.0,409801.0,118376.0,4715.0,33726.0,161500.0,29978.0,57320.0,74711.0,38794.0,130669.0,779755.0,705003.0,52593.0,127345.0
2017-01-24,888526.0,203543.0,443286.0,119312.0,4721.0,35211.0,204613.0,28203.0,72363.0,64208.0,39761.0,133583.0,832831.0,757126.0,55695.0,131400.0
2017-01-31,880384.0,220865.0,438366.0,120364.0,4350.0,31568.0,186474.0,33622.0,70993.0,65430.0,37182.0,127389.0,823084.0,743471.0,57300.0,136913.0
2017-02-07,894710.0,218227.0,438379.0,126396.0,4450.0,32933.0,176694.0,26380.0,76894.0,63833.0,37745.0,141396.0,836374.0,758178.0,58337.0,136533.0
2017-02-14,939543.0,216534.0,457012.0,128051.0,5186.0,33872.0,193126.0,22458.0,87860.0,65662.0,40409.0,155952.0,881056.0,802748.0,58486.0,136795.0
2017-02-21,937737.0,228830.0,450715.0,127225.0,6869.0,33953.0,182681.0,28374.0,83376.0,66084.0,38391.0,158417.0,880566.0,800095.0,57171.0,137643.0
2017-02-28,828977.0,192097.0,398980.0,126505.0,6204.0,27671.0,167059.0,35483.0,72476.0,69774.0,37107.0,117043.0,772625.0,694965.0,56352.0,134012.0
2017-03-07,832019.0,193040.0,398133.0,129645.0,5024.0,29066.0,166104.0,38466.0,71872.0,68057.0,34749.0,120186.0,777969.0,697496.0,54050.0,134523.0
2017-03-14,851069.0,234830.0,380412.0,115864.0,8752.0,30953.0,144284.0,45930.0,76303.0,59687.0,38667.0,133695.0,795616.0,714711.0,55453.0,136358.0
2017-03-21,882245.0,262235.0,378437.0,119485.0,7867.0,32129.0,126097.0,60428.0,76121.0,59468.0,40914.0,150980.0,826516.0,746876.0,55730.0,135369.0
2017-03-28,900849.0,293442.0,377330.0,116209.0,7252.0,29877.0,116337.0,78407.0,77166.0,56968.0,38778.0,155125.0,845124.0,763935.0,55725.0,136913.0
2017-04-04,972367.0,335769.0,376461.0,109576.0,7566.0,33384.0,94828.0,94106.0,90364.0,55932.0,41204.0,192295.0,912148.0,835380.0,60219.0,136987.0
2017-04-11,1005527.0,354324.0,360602.0,103440.0,8135.0,34971.0,86102.0,115835.0,97609.0,57228.0,42070.0,207539.0,941212.0,866761.0,64316.0,138767.0
2017-04-18,1006985.0,372203.0,358157.0,96484.0,8318.0,33905.0,87811.0,133639.0,99060.0,52253.0,37930.0,203764.0,945481.0,874774.0,61504.0,132210.0
2017-04-25,821873.0,311301.0,289846.0,89908.0,9932.0,24180.0,85259.0,133534.0,69725.0,51333.0,41429.0,130014.0,761721.0,698661.0,60151.0,123212.0
2017-05-02,796675.0,288238.0,275459.0,91527.0,9636.0,23729.0,87102.0,134769.0,66465.0,52133.0,37673.0,132356.0,741549.0,680087.0,55126.0,116588.0
2017-05-09,799068.0,282238.0,278261.0,91751.0,9153.0,23986.0,97802.0,132137.0,65836.0,48573.0,37142.0,135291.0,745477.0,681806.0,53591.0,117262.0
2017-05-16,804104.0,281782.0,278385.0,93379.0,8881.0,23053.0,96448.0,132971.0,67762.0,49330.0,34648.0,138707.0,750460.0,684406.0,53644.0,119698.0
2017-05-23,843018.0,312606.0,282561.0,92013.0,8888.0,23243.0,82366.0,144721.0,70129.0,50219.0,38375.0,155978.0,786554.0,723895.0,56463.0,119123.0
2017-05-30,881728.0,340137.0,283226.0,90573.0,8885.0,21615.0,74722.0,164032.0,70901.0,51978.0,38945.0,171591.0,821518.0,759195.0,60210.0,122533.0
2017-06-06,904932.0,348464.0,281309.0,82660.0,9158.0,29409.0,82054.0,176791.0,74760.0,48031.0,43084.0,175180.0,840558.0,789691.0,64375.0,115241.0
2017-06-13,903351.0,333690.0,281893.0,79748.0,9540.0,38193.0,83694.0,163367.0,76626.0,48196.0,40866.0,181245.0,841394.0,791730.0,61957.0,111621.0
2017-06-20,916537.0,354568.0,284983.0,72708.0,10635.0,38806.0,79115.0,166255.0,77674.0,47074.0,42118.0,185833.0,855779.0,806305.0,60759.0,110233.0
2017-06-27,839666.0,332866.0,256841.0,89621.0,6151.0,19139.0,73971.0,192654.0,68780.0,43259.0,37720.0,150578.0,778213.0,731862.0,61453.0,107804.0
2017-07-03,847190.0,300342.0,273237.0,90259.0,11823.0,27189.0,90166.0,160382.0,64821.0,43290.0,43875.0,165642.0,781709.0,746970.0,65481.0,100220.0
2017-07-11,908861.0,292731.0,343402.0,84451.0,12609.0,43972.0,107120.0,88072.0,67473.0,48229.0,50545.0,202162.0,846138.0,808235.0,62722.0,100626.0
2017-07-18,860651.0,271666.0,344494.0,88816.0,11176.0,42536.0,108942.0,70591.0,57548.0,43680.0,48165.0,185718.0,798907.0,760228.0,61744.0,100423.0
2017-07-25,793968.0,247050.0,337456.0,93111.0,9998.0,42656.0,108103.0,57218.0,42356.0,48416.0,49653.0,154460.0,736152.0,693798.0,57816.0,100170.0
2017-08-01,793582.0,245155.0,328899.0,94697.0,10146.0,39547.0,101870.0,62075.0,48626.0,48085.0,45180.0,161211.0,739192.0,695685.0,54390.0,97897.0
2017-08-08,796479.0,263095.0,326607.0,94129.0,11066.0,39942.0,83318.0,70405.0,51846.0,47412.0,38041.0,162817.0,742559.0,700723.0,53920.0,95756.0
2017-08-15,858554.0,293297.0,329490.0,92567.0,13210.0,35361.0,76451.0,90850.0,61378.0,51963.0,36183.0,192864.0,803880.0,759337.0,54674.0,99218.0
2017-08-22,877727.0,298483.0,326216.0,94224.0,14053.0,31770.0,79296.0,102690.0,67830.0,49603.0,37087.0,201350.0,822555.0,780995.0,55172.0,96732.0
2017-08-29,798548.0,277993.0,297777.0,96594.0,13981.0,27472.0,78404.0,106771.0,65515.0,48691.0,40738.0,149787.0,744457.0,702041.0,54092.0,96508.0
2017-09-05,816962.0,270855.0,313246.0,95439.0,14043.0,29878.0,84903.0,96847.0,76392.0,46104.0,38158.0,157435.0,761006.0,725999.0,55956.0,90963.0
2017-09-12,827274.0,272689.0,320091.0,100614.0,14438.0,31444.0,88483.0,92891.0,72743.0,47647.0,39343.0,158665.0,772285.0,729614.0,54989.0,97660.0
2017-09-19,821337.0,257610.0,324122.0,101361.0,15033.0,31212.0,90653.0,76906.0,72628.0,49459.0,41995.0,162947.0,765869.0,724842.0,55468.0,96495.0
2017-09-26,819398.0,255904.0,336988.0,101991.0,15371.0,35259.0,98199.0,69879.0,65357.0,47483.0,41187.0,157817.0,762010.0,721857.0,57388.0,97541.0
2017-10-03,848692.0,275969.0,354206.0,97712.0,14797.0,39375.0,99872.0,72114.0,65747.0,46530.0,39296.0,162967.0,788172.0,748502.0,60520.0,100190.0
2017-10-10,877789.0,294952.0,382647.0,97306.0,13169.0,41627.0,91567.0,60575.0,60644.0,47495.0,37871.0,179481.0,813071.0,776015.0,64718.0,101774.0
2017-10-17,907268.0,287774.0,409816.0,95902.0,10759.0,50380.0,109796.0,41628.0,67125.0,52861.0,39813.0,182424.0,846261.0,801946.0,61007.0,105322.0
2017-10-24,930344.0,310619.0,405646.0,97185.0,11378.0,43301.0,99737.0,50491.0,69053.0,51418.0,50995.0,196637.0,867951.0,827501.0,62392.0,102842.0
2017-10-31,758371.0,241921.0,348191.0,99162.0,13661.0,31224.0,96003.0,55391.0,54297.0,58468.0,41838.0,122589.0,703665.0,667191.0,54706.0,91180.0
2017-11-07,801232.0,251344.0,365154.0,101385.0,13204.0,33040.0,100225.0,53487.0,63984.0,56148.0,45149.0,134253.0,740380.0,708271.0,60852.0,92961.0
2017-11-14,824750.0,276029.0,357696.0,97025.0,14216.0,32606.0,95309.0,72759.0,68293.0,58963.0,45032.0,139709.0,767933.0,730311.0,56817.0,94439.0
2017-11-21,833552.0,286456.0,370027.0,98337.0,17165.0,34105.0,85919.0,65775.0,71428.0,56800.0,42917.0,140374.0,773418.0,741792.0,60134.0,91760.0
2017-11-28,832314.0,283304.0,378126.0,98502.0,17163.0,38537.0,88683.0,57021.0,73640.0,62060.0,43835.0,127248.0,771974.0,735569.0,60340.0,96746.0
2017-12-05,889756.0,284200.0,403797.0,97468.0,18648.0,45137.0,104639.0,51505.0,76302.0,67075.0,41991.0,150261.0,825082.0,787642.0,64673.0,102114.0
2017-12-12,846620.0,301143.0,380906.0,98427.0,18235.0,35254.0,87079.0,67324.0,63297.0,59570.0,38931.0,140949.0,785719.0,744896.0,60901.0,101724.0
2017-12-19,893209.0,332199.0,354776.0,94935.0,19042.0,38818.0,71988.0,112759.0,69522.0,61776.0,34553.0,159639.0,828877.0,789108.0,64333.0,104101.0
2017-12-26,841222.0,310018.0,315063.0,98483.0,16535.0,30843.0,70423.0,139514.0,67221.0,68537.0,39435.0,135798.0,781324.0,744409.0,59898.0,96813.0
2018-01-02,814798.0,301889.0,287609.0,97046.0,14387.0,35085.0,67812.0,153318.0,61826.0,66353.0,44474.0,124923.0,754933.0,721620.0,59865.0,93178.0
2018-01-09,843057.0,317947.0,291137.0,101682.0,13901.0,36774.0,69212.0,162047.0,66277.0,60803.0,50386.0,130919.0,783615.0,751442.0,59442.0,91615.0
2018-01-16,886347.0,327183.0,291695.0,104231.0,12644.0,48469.0,70025.0,173422.0,69822.0,61862.0,51958.0,143828.0,825421.0,791839.0,60926.0,94508.0
2018-01-23,914648.0,326112.0,307653.0,108520.0,12698.0,54347.0,73190.0,154728.0,66114.0,62426.0,55660.0,163991.0,854700.0,815192.0,59947.0,99455.0
2018-01-30,929890.0,314123.0,350247.0,111367.0,13108.0,58768.0,82911.0,104760.0,69478.0,66024.0,57020.0,167914.0,870584.0,821296.0,59305.0,108594.0
2018-02-06,927214.0,315875.0,365406.0,112272.0,12776.0,56580.0,81826.0,91804.0,66441.0,59445.0,52717.0,172348.0,864788.0,818072.0,62427.0,109142.0
2018-02-13,929483.0,305257.0,407000.0,115048.0,11168.0,42800.0,96776.0,53907.0,80769.0,63831.0,53459.0,165935.0,870416.0,815038.0,59068.0,114445.0
2018-02-20,1004294.0,308392.0,464776.0,117954.0,12096.0,43692.0,124578.0,25467.0,86007.0,73339.0,59641.0,189657.0,943619.0,881336.0,60675.0,122958.0
2018-02-27,931437.0,266693.0,473467.0,124310.0,12155.0,25908.0,162010.0,14630.0,72616.0,70219.0,60690.0,150063.0,871819.0,809529.0,59618.0,121908.0
2018-03-06,1010410.0,263348.0,515096.0,141185.0,13297.0,37568.0,195113.0,11402.0,82755.0,76371.0,64008.0,154346.0,950686.0,878473.0,59724.0,131937.0
2018-03-13,1042930.0,268939.0,529781.0,146924.0,13641.0,34493.0,216530.0,8330.0,71968.0,73078.0,78231.0,173611.0,985543.0,910054.0,57387.0,132875.0
2018-03-20,1045359.0,285208.0,532232.0,147648.0,15589.0,43960.0,204617.0,9095.0,73755.0,67588.0,67024.0,168110.0,990886.0,909762.0,54474.0,135597.0
2018-03-27,1057007.0,307736.0,538937.0,147143.0,15761.0,43033.0,192562.0,8984.0,82262.0,69988.0,69818.0,161418.0,1004142.0,920212.0,52866.0,136795.0
